"","subj","drug","eeg_date","Frequencies (Hz)","intervals_sec","channel","drug dose (mg/kg)","mean PSD (dB)","n","SD","median PSD (dB)"
"1","RAT06","Methyl","2016-10-21",13,100,"EEG_FL","baseline",10.5913408817056,9,3.67494245830813,10.9615963537
"2","RAT06","Methyl","2016-10-21",13,100,"EEG_FR","baseline",17.3410584109,4,6.69421506977944,19.5229864147
"3","RAT06","Methyl","2016-10-21",13,100,"EEG_PL","baseline",11.8790823991522,9,4.65198452809468,11.7033974665
"4","RAT06","Methyl","2016-10-21",13,100,"EEG_PR","baseline",11.1154176171556,9,2.90274319474741,10.2519164077
"5","RAT06","Methyl","2016-10-21",13,100,"EEG_OL","baseline",8.11434249781222,9,3.94038559844947,7.94824635706
"6","RAT06","Methyl","2016-10-21",13,100,"EEG_OR","baseline",14.14859536593,9,2.56787394923246,15.1191300741
"7","RAT06","Methyl","2016-10-21",13,200,"EEG_FL","baseline",9.75177339331,10,4.24005880493409,12.05916837615
"8","RAT06","Methyl","2016-10-21",13,200,"EEG_FR","baseline",20.1390725002286,7,2.25442948594105,19.8350893617
"9","RAT06","Methyl","2016-10-21",13,200,"EEG_PL","baseline",10.41710917518,10,3.19334101478223,10.94081827555
"10","RAT06","Methyl","2016-10-21",13,200,"EEG_PR","baseline",9.606727328379,10,3.48492671568934,10.25954848101
"11","RAT06","Methyl","2016-10-21",13,200,"EEG_OL","baseline",7.142057462619,10,2.66070096642038,7.51909320675
"12","RAT06","Methyl","2016-10-21",13,200,"EEG_OR","baseline",12.659661843058,10,3.98416124727372,13.72640374215
"13","RAT06","Methyl","2016-10-21",13,300,"EEG_FL","baseline",7.78301694069211,9,4.17308763995783,8.50953466641
"14","RAT06","Methyl","2016-10-21",13,300,"EEG_PL","baseline",8.78849492632667,9,1.49549085776197,8.70571954627
"15","RAT06","Methyl","2016-10-21",13,300,"EEG_PR","baseline",10.3696681149878,9,2.9569910928021,9.50805234028
"16","RAT06","Methyl","2016-10-21",13,300,"EEG_OL","baseline",4.85840943952556,9,2.25831779596628,5.00459826347
"17","RAT06","Methyl","2016-10-21",13,300,"EEG_OR","baseline",12.9015376592667,9,2.04836676931257,12.7121840332
"18","RAT06","Methyl","2016-10-21",13,400,"EEG_FL","baseline",10.2995677958871,7,3.49332315680333,9.37688026774
"19","RAT06","Methyl","2016-10-21",13,400,"EEG_PL","baseline",10.8255816110167,9,4.11974781133334,10.8010429413
"20","RAT06","Methyl","2016-10-21",13,400,"EEG_PR","baseline",12.574408470755,8,3.90721726240231,12.69244219315
"21","RAT06","Methyl","2016-10-21",13,400,"EEG_OL","baseline",7.413693030976,10,3.22089277271987,6.376987205765
"22","RAT06","Methyl","2016-10-21",13,400,"EEG_OR","baseline",14.2746142336589,9,3.12549677756357,14.1796035811
"23","RAT06","Methyl","2016-10-21",13,500,"EEG_FL","baseline",10.4626451173617,6,3.48039687278316,10.64824703142
"24","RAT06","Methyl","2016-10-21",13,500,"EEG_PL","baseline",9.15832207138143,7,4.20698150876439,9.12814230349
"25","RAT06","Methyl","2016-10-21",13,500,"EEG_PR","baseline",11.55384909363,7,3.13168209158716,11.609412617
"26","RAT06","Methyl","2016-10-21",13,500,"EEG_OL","baseline",7.89620022815,9,5.04385273919976,8.0220270523
"27","RAT06","Methyl","2016-10-21",13,500,"EEG_OR","baseline",12.6935282895437,8,2.5485191737595,13.0156069407
"28","RAT06","Methyl","2016-10-21",13,600,"EEG_FL","baseline",9.45984603712444,9,3.55119282987267,8.71732211535
"29","RAT06","Methyl","2016-10-21",13,600,"EEG_PL","baseline",9.09725445292556,9,3.53201375087778,9.10337342895
"30","RAT06","Methyl","2016-10-21",13,600,"EEG_PR","baseline",10.84790444949,9,3.49704711367169,10.289135454
"31","RAT06","Methyl","2016-10-21",13,600,"EEG_OL","baseline",5.79422998602444,9,3.88143926083304,5.37644437215
"32","RAT06","Methyl","2016-10-21",13,600,"EEG_OR","baseline",13.5868183809167,9,2.75097421442926,14.3445760432
"33","RAT06","Methyl","2016-10-21",13,700,"EEG_FL","0.032",9.08192806334444,9,1.69451979206932,9.20492705753
"34","RAT06","Methyl","2016-10-21",13,700,"EEG_PL","0.032",9.03611353145889,9,3.18918428529962,8.68556509452
"35","RAT06","Methyl","2016-10-21",13,700,"EEG_PR","0.032",9.63469525251889,9,2.31154907039516,10.6351898596
"36","RAT06","Methyl","2016-10-21",13,700,"EEG_OL","0.032",6.33842294883,9,2.63685435540123,6.85032946384
"37","RAT06","Methyl","2016-10-21",13,700,"EEG_OR","0.032",13.56452607569,9,2.02227622919797,13.6424872228
"38","RAT06","Methyl","2016-10-21",13,800,"EEG_FL","0.032",10.770995006633,10,3.87715358158132,9.57880027786
"39","RAT06","Methyl","2016-10-21",13,800,"EEG_PL","0.032",11.254432438537,10,4.31571077692564,10.29667971811
"40","RAT06","Methyl","2016-10-21",13,800,"EEG_PR","0.032",11.8288415698667,9,3.30113488545301,11.7248296433
"41","RAT06","Methyl","2016-10-21",13,800,"EEG_OL","0.032",8.305163385677,10,4.93380260051455,7.59778791155
"42","RAT06","Methyl","2016-10-21",13,800,"EEG_OR","0.032",14.875813853456,10,3.8103605690354,14.10980586165
"43","RAT06","Methyl","2016-10-21",13,900,"EEG_FL","0.032",11.04834137475,9,3.11540096474062,11.7454982087
"44","RAT06","Methyl","2016-10-21",13,900,"EEG_PL","0.032",12.3414328073525,8,3.42812997860908,12.66049563385
"45","RAT06","Methyl","2016-10-21",13,900,"EEG_PR","0.032",12.1507676746678,9,2.74520852288834,13.0524167123
"46","RAT06","Methyl","2016-10-21",13,900,"EEG_OL","0.032",9.374349296139,10,4.5406404937509,9.2396885784
"47","RAT06","Methyl","2016-10-21",13,900,"EEG_OR","0.032",15.281520023454,10,3.63386022332208,15.92990632625
"48","RAT06","Methyl","2016-10-21",13,1000,"EEG_FL","0.032",10.7306186029987,8,3.64690844091083,10.54980110982
"49","RAT06","Methyl","2016-10-21",13,1000,"EEG_PL","0.032",9.34227497146375,8,4.37617521020941,10.268881393295
"50","RAT06","Methyl","2016-10-21",13,1000,"EEG_PR","0.032",10.6397700346338,8,3.44888188576915,11.49240587565
"51","RAT06","Methyl","2016-10-21",13,1000,"EEG_OL","0.032",6.59070937909725,8,3.52541119175634,7.353654877725
"52","RAT06","Methyl","2016-10-21",13,1000,"EEG_OR","0.032",13.62210880846,8,2.65306405903781,13.995781544
"53","RAT06","Methyl","2016-10-21",13,1100,"EEG_FL","0.032",10.235204168042,10,2.97301019613569,10.014427611385
"54","RAT06","Methyl","2016-10-21",13,1100,"EEG_FR","0.032",18.2822352410333,3,4.30806110385892,19.7674228621
"55","RAT06","Methyl","2016-10-21",13,1100,"EEG_PL","0.032",11.2993900926556,9,2.14467223925617,11.7377907837
"56","RAT06","Methyl","2016-10-21",13,1100,"EEG_PR","0.032",10.833948017976,10,3.30256500283701,11.6567996824
"57","RAT06","Methyl","2016-10-21",13,1100,"EEG_OL","0.032",8.46992362896,10,2.05627530448993,8.61316103917
"58","RAT06","Methyl","2016-10-21",13,1100,"EEG_OR","0.032",13.7696176438122,9,2.41500028629166,14.3023601872
"59","RAT06","Methyl","2016-10-21",13,1200,"EEG_FL","0.032",11.2012005484786,7,2.62517658265606,10.9252843943
"60","RAT06","Methyl","2016-10-21",13,1200,"EEG_PL","0.032",9.938086916295,8,3.47714098943514,9.793982741725
"61","RAT06","Methyl","2016-10-21",13,1200,"EEG_PR","0.032",9.449625921489,7,4.76146021705804,9.00045019375
"62","RAT06","Methyl","2016-10-21",13,1200,"EEG_OL","0.032",9.36785219269,10,4.53669088945283,8.23426962332
"63","RAT06","Methyl","2016-10-21",13,1200,"EEG_OR","0.032",12.1921664238656,9,3.09611422505412,11.8575925829
"64","RAT06","Methyl","2016-10-21",13,1300,"EEG_FL","0.101",10.109453901975,10,2.23552946609426,10.028505672945
"65","RAT06","Methyl","2016-10-21",13,1300,"EEG_PL","0.101",8.55795032432,9,1.94333625824589,8.87846927246
"66","RAT06","Methyl","2016-10-21",13,1300,"EEG_PR","0.101",10.50833826067,9,3.2391268502744,10.2055394094
"67","RAT06","Methyl","2016-10-21",13,1300,"EEG_OL","0.101",5.4536890483788,10,2.72633502919352,5.903402177125
"68","RAT06","Methyl","2016-10-21",13,1300,"EEG_OR","0.101",12.334009192732,10,3.36703217903271,12.8422805968
"69","RAT06","Methyl","2016-10-21",13,1400,"EEG_FL","0.101",9.804197993455,10,3.80956486218464,10.568020444325
"70","RAT06","Methyl","2016-10-21",13,1400,"EEG_PL","0.101",7.46096296423,10,4.33427998483733,8.616624496895
"71","RAT06","Methyl","2016-10-21",13,1400,"EEG_PR","0.101",11.631606311891,10,2.55052673478141,11.152285935555
"72","RAT06","Methyl","2016-10-21",13,1400,"EEG_OL","0.101",5.1081299020585,10,4.35096807187688,5.638026194235
"73","RAT06","Methyl","2016-10-21",13,1400,"EEG_OR","0.101",13.320888981315,10,2.59816596230484,13.04538834935
"74","RAT06","Methyl","2016-10-21",13,1500,"EEG_FL","0.101",9.32998788068,10,4.26390464139207,9.374786522815
"75","RAT06","Methyl","2016-10-21",13,1500,"EEG_FR","0.101",19.99951741055,2,0.453333854063878,19.99951741055
"76","RAT06","Methyl","2016-10-21",13,1500,"EEG_PL","0.101",8.254533406844,10,5.5130403863599,9.096278290295
"77","RAT06","Methyl","2016-10-21",13,1500,"EEG_PR","0.101",8.24586920799111,9,4.58358020480004,7.58657969063
"78","RAT06","Methyl","2016-10-21",13,1500,"EEG_OL","0.101",6.131031508239,10,4.97382238989127,7.185193383845
"79","RAT06","Methyl","2016-10-21",13,1500,"EEG_OR","0.101",9.51630043864,9,3.29437465839388,8.28071577591
"80","RAT06","Methyl","2016-10-21",13,1600,"EEG_FL","0.101",10.2964910065729,7,1.86683520052872,9.69251778571
"81","RAT06","Methyl","2016-10-21",13,1600,"EEG_PL","0.101",9.20779477578,8,3.34989755308236,10.7376434217
"82","RAT06","Methyl","2016-10-21",13,1600,"EEG_PR","0.101",9.94926268299286,7,2.36867519240332,10.560304459
"83","RAT06","Methyl","2016-10-21",13,1600,"EEG_OL","0.101",8.458450615075,10,5.22515469573279,8.492731157675
"84","RAT06","Methyl","2016-10-21",13,1600,"EEG_OR","0.101",11.528478198201,10,3.80317965239387,12.3253764585
"85","RAT06","Methyl","2016-10-21",13,1700,"EEG_FL","0.101",11.4136610656711,9,2.91334780004204,10.5842557663
"86","RAT06","Methyl","2016-10-21",13,1700,"EEG_PL","0.101",10.7257263279211,9,3.19513801019966,9.57340715915
"87","RAT06","Methyl","2016-10-21",13,1700,"EEG_PR","0.101",12.2245750995978,9,2.82323873355871,11.7243037414
"88","RAT06","Methyl","2016-10-21",13,1700,"EEG_OL","0.101",8.254694362475,10,3.04020190286824,7.625278787335
"89","RAT06","Methyl","2016-10-21",13,1700,"EEG_OR","0.101",11.8141924456667,9,4.47889007301666,12.636148728
"90","RAT06","Methyl","2016-10-21",13,1800,"EEG_FL","0.101",12.2344694301,8,3.62170297952847,11.5486808556
"91","RAT06","Methyl","2016-10-21",13,1800,"EEG_FR","0.101",17.90181605386,5,3.9772080094971,16.9861093299
"92","RAT06","Methyl","2016-10-21",13,1800,"EEG_PL","0.101",12.2581920410689,9,3.53798592969433,12.8444780772
"93","RAT06","Methyl","2016-10-21",13,1800,"EEG_PR","0.101",13.34682229515,8,2.55455001684351,13.64274224955
"94","RAT06","Methyl","2016-10-21",13,1800,"EEG_OL","0.101",9.93116948042875,8,3.98307961967049,10.977184553
"95","RAT06","Methyl","2016-10-21",13,1800,"EEG_OR","0.101",13.6803427308444,9,2.79427741124068,13.4707417667
"96","RAT06","Methyl","2016-10-21",13,1900,"EEG_FL","0.32",10.616060602817,10,3.03113155243846,11.8821466188
"97","RAT06","Methyl","2016-10-21",13,1900,"EEG_FR","0.32",18.447607359,2,5.84555823642925,18.447607359
"98","RAT06","Methyl","2016-10-21",13,1900,"EEG_PL","0.32",10.719722896767,10,3.34218854304295,10.13876462297
"99","RAT06","Methyl","2016-10-21",13,1900,"EEG_PR","0.32",11.251921551881,10,2.24213714605913,11.80198505405
"100","RAT06","Methyl","2016-10-21",13,1900,"EEG_OL","0.32",8.584995459322,10,3.14351722292425,8.04802948818
"101","RAT06","Methyl","2016-10-21",13,1900,"EEG_OR","0.32",12.740992704119,10,3.63490883035759,13.3521130272
"102","RAT06","Methyl","2016-10-21",13,2000,"EEG_FL","0.32",11.347875587926,10,2.99028935424736,12.19377310755
"103","RAT06","Methyl","2016-10-21",13,2000,"EEG_FR","0.32",18.62594159226,5,4.18220526822082,17.8321614075
"104","RAT06","Methyl","2016-10-21",13,2000,"EEG_PL","0.32",11.2673321929633,9,3.25839483668312,10.2522259322
"105","RAT06","Methyl","2016-10-21",13,2000,"EEG_PR","0.32",12.476737775909,10,4.05018616375998,12.53178250195
"106","RAT06","Methyl","2016-10-21",13,2000,"EEG_OL","0.32",9.143560313778,10,3.39773896947756,9.20947358754
"107","RAT06","Methyl","2016-10-21",13,2000,"EEG_OR","0.32",12.659779037138,10,3.91360172357376,12.9995228386
"108","RAT06","Methyl","2016-10-21",13,2100,"EEG_FL","0.32",12.096495049228,10,3.78990519767301,12.2565284632
"109","RAT06","Methyl","2016-10-21",13,2100,"EEG_FR","0.32",22.8272392589,6,3.37713053938158,24.29240853835
"110","RAT06","Methyl","2016-10-21",13,2100,"EEG_PL","0.32",11.246113658114,10,4.27985098730327,11.30862795345
"111","RAT06","Methyl","2016-10-21",13,2100,"EEG_PR","0.32",12.64156849046,10,4.66193842807403,13.6502136264
"112","RAT06","Methyl","2016-10-21",13,2100,"EEG_OL","0.32",8.6589059039607,10,4.62374816331278,8.991297269185
"113","RAT06","Methyl","2016-10-21",13,2100,"EEG_OR","0.32",14.705055332149,10,3.93497973237729,14.42190690795
"114","RAT06","Methyl","2016-10-21",13,2200,"EEG_FL","0.32",10.172301792435,10,3.51804738479474,10.539889952915
"115","RAT06","Methyl","2016-10-21",13,2200,"EEG_FR","0.32",21.266695517925,4,1.91390586654179,21.2542113271
"116","RAT06","Methyl","2016-10-21",13,2200,"EEG_PL","0.32",8.69587613344111,9,4.73360140427193,10.080099233
"117","RAT06","Methyl","2016-10-21",13,2200,"EEG_PR","0.32",9.14806191029556,9,4.70495430391925,10.4609340235
"118","RAT06","Methyl","2016-10-21",13,2200,"EEG_OL","0.32",6.205357675066,10,5.1915529937773,7.15683783217
"119","RAT06","Methyl","2016-10-21",13,2200,"EEG_OR","0.32",12.938015325982,10,3.71389917358285,11.99514081635
"120","RAT06","Methyl","2016-10-21",13,2300,"EEG_FL","0.32",9.508490938839,10,4.01512929126302,10.362872783035
"121","RAT06","Methyl","2016-10-21",13,2300,"EEG_PL","0.32",10.209027171679,10,2.36587004137631,9.96020131612
"122","RAT06","Methyl","2016-10-21",13,2300,"EEG_PR","0.32",10.321228314185,10,2.78030020145537,10.326766171755
"123","RAT06","Methyl","2016-10-21",13,2300,"EEG_OL","0.32",7.933056189341,10,2.51559642676361,7.206521783255
"124","RAT06","Methyl","2016-10-21",13,2300,"EEG_OR","0.32",12.874109824,10,2.36122473492161,12.5541064376
"125","RAT06","Methyl","2016-10-21",13,2400,"EEG_FL","0.32",10.795263220931,10,1.36843617053431,10.2845872535
"126","RAT06","Methyl","2016-10-21",13,2400,"EEG_FR","0.32",22.72626469835,2,0.701684888408818,22.72626469835
"127","RAT06","Methyl","2016-10-21",13,2400,"EEG_PL","0.32",9.960187015038,10,1.76941769387304,9.708910896835
"128","RAT06","Methyl","2016-10-21",13,2400,"EEG_PR","0.32",11.467137278207,10,2.58050542926879,11.94946673145
"129","RAT06","Methyl","2016-10-21",13,2400,"EEG_OL","0.32",7.901257609836,10,2.19891854115143,8.245755169095
"130","RAT06","Methyl","2016-10-21",13,2400,"EEG_OR","0.32",12.896901707941,10,3.72589407379971,13.87034030585
"131","RAT06","Methyl","2016-10-21",13,2500,"EEG_FL","1.012",10.429990076858,10,2.05839671973362,10.096566033
"132","RAT06","Methyl","2016-10-21",13,2500,"EEG_PL","1.012",9.896516965721,10,1.9897135770728,9.719339759395
"133","RAT06","Methyl","2016-10-21",13,2500,"EEG_PR","1.012",11.370890039324,10,3.65551367121133,11.76944737965
"134","RAT06","Methyl","2016-10-21",13,2500,"EEG_OL","1.012",7.923091885453,10,2.36314417398697,8.10659261193
"135","RAT06","Methyl","2016-10-21",13,2500,"EEG_OR","1.012",12.939848570956,10,2.05933067442386,12.37432895
"136","RAT06","Methyl","2016-10-21",13,2600,"EEG_FL","1.012",10.60756672153,8,2.00367597751677,10.9839095442
"137","RAT06","Methyl","2016-10-21",13,2600,"EEG_PL","1.012",10.6792763252375,8,3.50123598208559,10.9380723756
"138","RAT06","Methyl","2016-10-21",13,2600,"EEG_PR","1.012",10.6072187605633,9,1.56628959980671,10.4618867278
"139","RAT06","Methyl","2016-10-21",13,2600,"EEG_OL","1.012",8.41281572058333,9,3.75652387617109,8.2618441523
"140","RAT06","Methyl","2016-10-21",13,2600,"EEG_OR","1.012",11.5662041723678,9,3.6286485373631,12.3583881128
"141","RAT06","Methyl","2016-10-21",13,2700,"EEG_FL","1.012",7.9828166633475,8,1.41013428480637,7.95448178752
"142","RAT06","Methyl","2016-10-21",13,2700,"EEG_PL","1.012",7.6762505148025,8,2.1878587381476,8.16142365512
"143","RAT06","Methyl","2016-10-21",13,2700,"EEG_PR","1.012",9.2076942812525,8,2.4804912491774,9.490547888365
"144","RAT06","Methyl","2016-10-21",13,2700,"EEG_OL","1.012",6.751559707929,10,2.3399780744928,6.6299222944
"145","RAT06","Methyl","2016-10-21",13,2700,"EEG_OR","1.012",10.2773145942763,8,2.20877267770949,11.12055512555
"146","RAT06","Methyl","2016-10-21",13,2800,"EEG_FL","1.012",9.505156435966,10,3.68530334218158,9.427187419205
"147","RAT06","Methyl","2016-10-21",13,2800,"EEG_PL","1.012",8.925643917376,10,3.74772990764981,7.231363238
"148","RAT06","Methyl","2016-10-21",13,2800,"EEG_PR","1.012",10.8824173041222,9,4.12858316486426,10.7085281622
"149","RAT06","Methyl","2016-10-21",13,2800,"EEG_OL","1.012",7.450136637631,10,3.42923651024672,6.070139437955
"150","RAT06","Methyl","2016-10-21",13,2800,"EEG_OR","1.012",12.372055315495,10,3.82589013053262,13.8100006479
"151","RAT06","Methyl","2016-10-21",13,2900,"EEG_FL","1.012",9.777287724678,10,2.32915655806145,9.41569684308
"152","RAT06","Methyl","2016-10-21",13,2900,"EEG_PL","1.012",9.19974268117,9,2.57155055523428,9.37757323046
"153","RAT06","Methyl","2016-10-21",13,2900,"EEG_PR","1.012",11.164803664625,10,2.25037424464088,12.34446088845
"154","RAT06","Methyl","2016-10-21",13,2900,"EEG_OL","1.012",7.32995278488889,9,2.269276010796,7.91680511473
"155","RAT06","Methyl","2016-10-21",13,2900,"EEG_OR","1.012",11.591778914092,10,2.37570463701602,11.5907369419
"156","RAT06","Methyl","2016-10-21",13,3000,"EEG_FL","1.012",10.8733457983633,9,3.9315398717656,11.8323573298
"157","RAT06","Methyl","2016-10-21",13,3000,"EEG_PL","1.012",10.5611894466756,9,2.74978288980119,11.8811558939
"158","RAT06","Methyl","2016-10-21",13,3000,"EEG_PR","1.012",12.3453509668322,9,3.12346908270601,12.8532185924
"159","RAT06","Methyl","2016-10-21",13,3000,"EEG_OL","1.012",9.709276550715,10,3.87435995182607,10.09835076547
"160","RAT06","Methyl","2016-10-21",13,3000,"EEG_OR","1.012",13.32543643404,9,4.20885277411522,13.5812318564
"161","RAT06","Methyl","2016-10-21",13,3100,"EEG_FL","3.2",9.25592560886,8,3.56473845703484,9.369896693555
"162","RAT06","Methyl","2016-10-21",13,3100,"EEG_PL","3.2",8.72048902756375,8,1.68686193187142,8.663316964265
"163","RAT06","Methyl","2016-10-21",13,3100,"EEG_PR","3.2",11.53314562726,8,3.92463850274226,11.17965680485
"164","RAT06","Methyl","2016-10-21",13,3100,"EEG_OL","3.2",7.92222156211111,9,1.88101507259934,7.91174018714
"165","RAT06","Methyl","2016-10-21",13,3100,"EEG_OR","3.2",12.1682351626667,9,2.59513562107184,11.1144823412
"166","RAT06","Methyl","2016-10-21",13,3200,"EEG_FL","3.2",8.308372668388,10,3.84867015961998,7.68849194692
"167","RAT06","Methyl","2016-10-21",13,3200,"EEG_PL","3.2",8.1561464064555,10,3.56959786777314,8.86711286319
"168","RAT06","Methyl","2016-10-21",13,3200,"EEG_PR","3.2",10.382566754595,10,2.75883381828953,10.56640684115
"169","RAT06","Methyl","2016-10-21",13,3200,"EEG_OL","3.2",6.322667037171,10,4.22052556931835,6.96797675981
"170","RAT06","Methyl","2016-10-21",13,3200,"EEG_OR","3.2",11.26050822944,10,3.92568294793959,11.72384793185
"171","RAT06","Methyl","2016-10-21",13,3300,"EEG_FL","3.2",9.282313260997,10,2.55900136140313,9.72766883304
"172","RAT06","Methyl","2016-10-21",13,3300,"EEG_PL","3.2",10.5815413746606,10,3.7666050723218,11.1304597397
"173","RAT06","Methyl","2016-10-21",13,3300,"EEG_PR","3.2",12.011849806514,10,2.16308939936664,12.09386557255
"174","RAT06","Methyl","2016-10-21",13,3300,"EEG_OL","3.2",8.842563827575,10,3.5589666108296,9.522654354485
"175","RAT06","Methyl","2016-10-21",13,3300,"EEG_OR","3.2",14.03454750537,10,1.87683060132239,13.71701845365
"176","RAT06","Methyl","2016-10-21",13,3400,"EEG_FL","3.2",9.049331664143,10,2.53530125692842,8.86803007305
"177","RAT06","Methyl","2016-10-21",13,3400,"EEG_PL","3.2",11.647735498081,10,1.73162010201522,11.23480329635
"178","RAT06","Methyl","2016-10-21",13,3400,"EEG_PR","3.2",10.265938779282,10,3.0455281851394,10.3462664279
"179","RAT06","Methyl","2016-10-21",13,3400,"EEG_OL","3.2",10.33499810301,10,2.2879910006892,10.8018766031
"180","RAT06","Methyl","2016-10-21",13,3400,"EEG_OR","3.2",14.534631397619,10,2.81616476011096,15.45207876345
"181","RAT06","Methyl","2016-10-21",13,3500,"EEG_FL","3.2",11.353807041881,10,2.87063554550031,10.79412125855
"182","RAT06","Methyl","2016-10-21",13,3500,"EEG_PL","3.2",10.600967770774,10,2.32780695658684,10.24813469826
"183","RAT06","Methyl","2016-10-21",13,3500,"EEG_PR","3.2",12.319565179218,10,3.39445030700746,12.27268693805
"184","RAT06","Methyl","2016-10-21",13,3500,"EEG_OL","3.2",9.425242482445,10,2.45205089758854,8.89062884968
"185","RAT06","Methyl","2016-10-21",13,3500,"EEG_OR","3.2",13.401015679065,10,3.74155375457162,14.5288288611
"186","RAT06","Methyl","2016-10-21",13,3600,"EEG_FL","3.2",9.970231427224,10,2.65055727965756,8.844560769945
"187","RAT06","Methyl","2016-10-21",13,3600,"EEG_PL","3.2",9.581874314684,10,3.27087320708637,9.091892148385
"188","RAT06","Methyl","2016-10-21",13,3600,"EEG_PR","3.2",11.490233751355,10,3.41376487006268,12.1065824813
"189","RAT06","Methyl","2016-10-21",13,3600,"EEG_OL","3.2",8.067323700666,10,3.54149052931729,7.74902503042
"190","RAT06","Methyl","2016-10-21",13,3600,"EEG_OR","3.2",11.747462615697,10,3.19898256722779,11.07820371595
"191","RAT06","Methyl","2016-10-21",13,3700,"EEG_FL","3.2",8.673549176708,10,2.07153808903231,9.1391884148
"192","RAT06","Methyl","2016-10-21",13,3700,"EEG_PL","3.2",8.670272543686,10,2.80678460927661,9.925682826105
"193","RAT06","Methyl","2016-10-21",13,3700,"EEG_PR","3.2",10.386982708563,10,2.50483851966027,10.2256426777
"194","RAT06","Methyl","2016-10-21",13,3700,"EEG_OL","3.2",7.679844131141,10,2.76548165656653,8.61176041596
"195","RAT06","Methyl","2016-10-21",13,3700,"EEG_OR","3.2",12.478205853745,10,2.22304503616782,12.75736887345
"196","RAT06","Methyl","2016-10-21",13,3800,"EEG_FL","3.2",10.6813979741178,10,4.83329998013727,11.27717608155
"197","RAT06","Methyl","2016-10-21",13,3800,"EEG_PL","3.2",11.252345975609,10,2.62459730820978,10.5027874296
"198","RAT06","Methyl","2016-10-21",13,3800,"EEG_PR","3.2",10.9354130124169,10,5.230274872636,11.60561724135
"199","RAT06","Methyl","2016-10-21",13,3800,"EEG_OL","3.2",9.048624050097,10,3.83586706378069,8.738598544775
"200","RAT06","Methyl","2016-10-21",13,3800,"EEG_OR","3.2",12.629499743105,10,3.64229966345462,12.36152259625
"201","RAT06","Methyl","2016-10-21",13,3900,"EEG_FL","3.2",9.195042935913,10,3.34621276156595,7.46569991957
"202","RAT06","Methyl","2016-10-21",13,3900,"EEG_PL","3.2",8.904147058734,10,3.88346379718034,9.92094880306
"203","RAT06","Methyl","2016-10-21",13,3900,"EEG_PR","3.2",10.843529540529,10,1.46911675193629,11.1991597136
"204","RAT06","Methyl","2016-10-21",13,3900,"EEG_OL","3.2",7.90146906636,10,3.76043453629982,8.62003558802
"205","RAT06","Methyl","2016-10-21",13,3900,"EEG_OR","3.2",11.069284030719,10,3.17135092663648,10.8739284231
"206","RAT06","Methyl","2016-10-21",14,100,"EEG_FL","baseline",9.91190505446555,9,3.20847508350442,9.34662012358
"207","RAT06","Methyl","2016-10-21",14,100,"EEG_FR","baseline",21.58380801745,4,2.30556341913599,20.96722951385
"208","RAT06","Methyl","2016-10-21",14,100,"EEG_PL","baseline",9.09107938960889,9,5.38782778887342,7.27484658505
"209","RAT06","Methyl","2016-10-21",14,100,"EEG_PR","baseline",10.4485873574656,9,2.6767312283033,10.3117993355
"210","RAT06","Methyl","2016-10-21",14,100,"EEG_OL","baseline",6.16707769256511,9,4.71778260580116,5.03249604873
"211","RAT06","Methyl","2016-10-21",14,100,"EEG_OR","baseline",13.6878351213589,9,2.33854813452001,13.9529907219
"212","RAT06","Methyl","2016-10-21",14,200,"EEG_FL","baseline",9.6856651286872,10,3.45270792347905,10.313454909845
"213","RAT06","Methyl","2016-10-21",14,200,"EEG_FR","baseline",20.1874995776571,7,2.79684934299784,19.6497567943
"214","RAT06","Methyl","2016-10-21",14,200,"EEG_PL","baseline",8.792377247876,10,2.82078577742792,9.059055498685
"215","RAT06","Methyl","2016-10-21",14,200,"EEG_PR","baseline",9.761295744563,10,2.12793782696348,10.00269819309
"216","RAT06","Methyl","2016-10-21",14,200,"EEG_OL","baseline",5.345166275099,10,2.28008478217677,4.53734531875
"217","RAT06","Methyl","2016-10-21",14,200,"EEG_OR","baseline",10.476204198783,10,2.5420135028375,10.65217093055
"218","RAT06","Methyl","2016-10-21",14,300,"EEG_FL","baseline",10.5993166327178,9,4.06794897771261,10.2557368972
"219","RAT06","Methyl","2016-10-21",14,300,"EEG_PL","baseline",11.2185995030722,9,3.2766299034365,11.7179358179
"220","RAT06","Methyl","2016-10-21",14,300,"EEG_PR","baseline",10.3614806853133,9,3.00636197402106,9.50425222731
"221","RAT06","Methyl","2016-10-21",14,300,"EEG_OL","baseline",7.83866454466444,9,2.73188418469829,6.92325024209
"222","RAT06","Methyl","2016-10-21",14,300,"EEG_OR","baseline",13.9012197149111,9,2.27426860220345,14.1505029468
"223","RAT06","Methyl","2016-10-21",14,400,"EEG_FL","baseline",7.10664736420571,7,3.79637539530132,8.62671941304
"224","RAT06","Methyl","2016-10-21",14,400,"EEG_PL","baseline",9.55831468768333,9,4.67159154339736,11.1162922139
"225","RAT06","Methyl","2016-10-21",14,400,"EEG_PR","baseline",10.6429246354662,8,3.37592707736217,11.81676493335
"226","RAT06","Methyl","2016-10-21",14,400,"EEG_OL","baseline",6.7197446361968,10,4.73088817407813,7.866352720715
"227","RAT06","Methyl","2016-10-21",14,400,"EEG_OR","baseline",12.1446196660689,9,3.85823707411844,11.4148269884
"228","RAT06","Methyl","2016-10-21",14,500,"EEG_FL","baseline",12.9185466757667,6,1.97444214102563,13.06376188285
"229","RAT06","Methyl","2016-10-21",14,500,"EEG_PL","baseline",11.8792284400529,7,1.37007065166443,12.4128931115
"230","RAT06","Methyl","2016-10-21",14,500,"EEG_PR","baseline",13.8052269048571,7,1.38595128481689,13.7502173917
"231","RAT06","Methyl","2016-10-21",14,500,"EEG_OL","baseline",9.03781322096444,9,2.12268975025657,9.30467493386
"232","RAT06","Methyl","2016-10-21",14,500,"EEG_OR","baseline",13.8508470211,8,2.89461422288813,13.67012328255
"233","RAT06","Methyl","2016-10-21",14,600,"EEG_FL","baseline",10.5503351319489,9,2.95925360386596,10.9361007905
"234","RAT06","Methyl","2016-10-21",14,600,"EEG_PL","baseline",9.61567654575444,9,2.6149902136306,9.04003995682
"235","RAT06","Methyl","2016-10-21",14,600,"EEG_PR","baseline",11.6991901970033,9,2.79223976918157,12.1107487041
"236","RAT06","Methyl","2016-10-21",14,600,"EEG_OL","baseline",6.30976575090667,9,2.46287351448919,5.94015899298
"237","RAT06","Methyl","2016-10-21",14,600,"EEG_OR","baseline",12.7728815638433,9,2.65358247188153,12.7764341583
"238","RAT06","Methyl","2016-10-21",14,700,"EEG_FL","0.032",9.43070810477444,9,2.33310144185363,8.72736297458
"239","RAT06","Methyl","2016-10-21",14,700,"EEG_PL","0.032",11.0280668298367,9,2.51212106587666,11.0257791302
"240","RAT06","Methyl","2016-10-21",14,700,"EEG_PR","0.032",8.47694504746445,9,3.25530716311285,8.04603448642
"241","RAT06","Methyl","2016-10-21",14,700,"EEG_OL","0.032",7.52758729065667,9,2.38999615871215,7.93083002414
"242","RAT06","Methyl","2016-10-21",14,700,"EEG_OR","0.032",12.4900538564978,9,2.56933472189638,12.9293916839
"243","RAT06","Methyl","2016-10-21",14,800,"EEG_FL","0.032",10.901972665984,10,4.50643897180012,11.0642396421
"244","RAT06","Methyl","2016-10-21",14,800,"EEG_PL","0.032",11.368748387286,10,3.39577613493404,10.37726850685
"245","RAT06","Methyl","2016-10-21",14,800,"EEG_PR","0.032",11.7539070270333,9,4.51172641387494,12.6467975376
"246","RAT06","Methyl","2016-10-21",14,800,"EEG_OL","0.032",8.032792352381,10,3.40437776297018,7.804631054225
"247","RAT06","Methyl","2016-10-21",14,800,"EEG_OR","0.032",14.939249441313,10,2.66901800001827,15.9413053116
"248","RAT06","Methyl","2016-10-21",14,900,"EEG_FL","0.032",8.99472466810222,9,4.04235644365062,10.1852368091
"249","RAT06","Methyl","2016-10-21",14,900,"EEG_PL","0.032",7.4923928862875,8,2.99456959112329,7.21857680219
"250","RAT06","Methyl","2016-10-21",14,900,"EEG_PR","0.032",8.15737325724811,9,3.63039446021935,8.74211407846
"251","RAT06","Methyl","2016-10-21",14,900,"EEG_OL","0.032",6.640219692087,10,5.40380816030617,5.249310695485
"252","RAT06","Methyl","2016-10-21",14,900,"EEG_OR","0.032",10.773526941756,10,3.89503058607588,10.8158289086
"253","RAT06","Methyl","2016-10-21",14,1000,"EEG_FL","0.032",11.9679440902125,8,2.91690826742069,11.5562999708
"254","RAT06","Methyl","2016-10-21",14,1000,"EEG_PL","0.032",10.4576324470825,8,2.62951585591629,9.709951767915
"255","RAT06","Methyl","2016-10-21",14,1000,"EEG_PR","0.032",12.8567339650375,8,3.15288306061144,12.61819648505
"256","RAT06","Methyl","2016-10-21",14,1000,"EEG_OL","0.032",7.73640378588625,8,2.51863923833827,7.49408720852
"257","RAT06","Methyl","2016-10-21",14,1000,"EEG_OR","0.032",12.563760047415,8,3.08780734832178,11.3518137599
"258","RAT06","Methyl","2016-10-21",14,1100,"EEG_FL","0.032",10.346591780607,10,2.75000117833702,11.0052733972
"259","RAT06","Methyl","2016-10-21",14,1100,"EEG_FR","0.032",20.2264675907333,3,0.358661779259345,20.1943301715
"260","RAT06","Methyl","2016-10-21",14,1100,"EEG_PL","0.032",10.1619666647211,9,1.86323580579248,9.80967839077
"261","RAT06","Methyl","2016-10-21",14,1100,"EEG_PR","0.032",12.412796120197,10,3.47261209625046,13.76622923485
"262","RAT06","Methyl","2016-10-21",14,1100,"EEG_OL","0.032",7.885516716951,10,2.61672592719731,7.03152995203
"263","RAT06","Methyl","2016-10-21",14,1100,"EEG_OR","0.032",14.1841611660844,9,2.5831328718216,14.1373370693
"264","RAT06","Methyl","2016-10-21",14,1200,"EEG_FL","0.032",9.68789940283143,7,3.75627837106453,10.5119388331
"265","RAT06","Methyl","2016-10-21",14,1200,"EEG_PL","0.032",9.23938565495375,8,2.57920890690554,9.68574550972
"266","RAT06","Methyl","2016-10-21",14,1200,"EEG_PR","0.032",10.7530381829614,7,3.00346899374904,11.1080835672
"267","RAT06","Methyl","2016-10-21",14,1200,"EEG_OL","0.032",7.864447806278,10,3.39410686483466,8.361175156125
"268","RAT06","Methyl","2016-10-21",14,1200,"EEG_OR","0.032",13.0086462942033,9,3.64320650601489,14.1960406367
"269","RAT06","Methyl","2016-10-21",14,1300,"EEG_FL","0.101",11.413510128908,10,1.85349014398763,11.53512234315
"270","RAT06","Methyl","2016-10-21",14,1300,"EEG_PL","0.101",11.4413373215278,9,2.12280847547051,11.463445764
"271","RAT06","Methyl","2016-10-21",14,1300,"EEG_PR","0.101",10.7933850063233,9,2.25658043055622,10.8621078264
"272","RAT06","Methyl","2016-10-21",14,1300,"EEG_OL","0.101",8.325352181072,10,2.65497475020428,8.22329519674
"273","RAT06","Methyl","2016-10-21",14,1300,"EEG_OR","0.101",12.519105407022,10,2.3950339615272,12.6748429828
"274","RAT06","Methyl","2016-10-21",14,1400,"EEG_FL","0.101",9.790424298828,10,4.0895417115312,9.6853969796
"275","RAT06","Methyl","2016-10-21",14,1400,"EEG_PL","0.101",9.811688823702,10,4.12858061266582,10.89544675975
"276","RAT06","Methyl","2016-10-21",14,1400,"EEG_PR","0.101",10.340498594928,10,3.59187565577206,10.068154886465
"277","RAT06","Methyl","2016-10-21",14,1400,"EEG_OL","0.101",7.1925809405402,10,3.72356599325911,8.53831890994
"278","RAT06","Methyl","2016-10-21",14,1400,"EEG_OR","0.101",11.924729669274,10,3.0793624346747,12.08478839935
"279","RAT06","Methyl","2016-10-21",14,1500,"EEG_FL","0.101",10.892358858507,10,2.91039428742318,10.5742138989
"280","RAT06","Methyl","2016-10-21",14,1500,"EEG_FR","0.101",14.82211900645,2,0.172974964325413,14.82211900645
"281","RAT06","Methyl","2016-10-21",14,1500,"EEG_PL","0.101",10.129036403576,10,3.87461608506836,9.362214302635
"282","RAT06","Methyl","2016-10-21",14,1500,"EEG_PR","0.101",10.46857901072,9,3.61392692643993,9.98193380977
"283","RAT06","Methyl","2016-10-21",14,1500,"EEG_OL","0.101",7.82087932359,10,4.15154146516812,7.27062363415
"284","RAT06","Methyl","2016-10-21",14,1500,"EEG_OR","0.101",12.1635340672344,9,3.33056010485528,10.5902906433
"285","RAT06","Methyl","2016-10-21",14,1600,"EEG_FL","0.101",9.89515247811,7,2.18792430566128,10.0369434658
"286","RAT06","Methyl","2016-10-21",14,1600,"EEG_PL","0.101",10.1572908582637,8,3.06764061102808,11.09383790905
"287","RAT06","Methyl","2016-10-21",14,1600,"EEG_PR","0.101",9.46717589197,7,3.44936993875266,10.6897597301
"288","RAT06","Methyl","2016-10-21",14,1600,"EEG_OL","0.101",9.731975087238,10,5.13937003761296,8.18825410082
"289","RAT06","Methyl","2016-10-21",14,1600,"EEG_OR","0.101",11.288915410201,10,4.0090386721142,10.31576140919
"290","RAT06","Methyl","2016-10-21",14,1700,"EEG_FL","0.101",10.8515737887556,9,2.46131994690289,11.7362801297
"291","RAT06","Methyl","2016-10-21",14,1700,"EEG_PL","0.101",9.08387482590111,9,2.59660738794701,8.86416047259
"292","RAT06","Methyl","2016-10-21",14,1700,"EEG_PR","0.101",11.5412928087544,9,2.26982390494227,12.4148800214
"293","RAT06","Methyl","2016-10-21",14,1700,"EEG_OL","0.101",6.477782307831,10,2.93288840823384,6.313133756845
"294","RAT06","Methyl","2016-10-21",14,1700,"EEG_OR","0.101",12.8237864797333,9,1.87533738107248,12.4469202052
"295","RAT06","Methyl","2016-10-21",14,1800,"EEG_FL","0.101",9.33819136432,8,5.57573335314422,9.78272272975
"296","RAT06","Methyl","2016-10-21",14,1800,"EEG_FR","0.101",19.33001733036,5,4.08834508553775,19.1022930858
"297","RAT06","Methyl","2016-10-21",14,1800,"EEG_PL","0.101",10.7367298868778,9,5.06140420332331,11.3171830649
"298","RAT06","Methyl","2016-10-21",14,1800,"EEG_PR","0.101",10.2899766913725,8,4.303648058855,10.09719275484
"299","RAT06","Methyl","2016-10-21",14,1800,"EEG_OL","0.101",9.47473286753625,8,4.24054766932831,9.353297098015
"300","RAT06","Methyl","2016-10-21",14,1800,"EEG_OR","0.101",12.93897785072,9,3.75584903399696,12.6537307119
"301","RAT06","Methyl","2016-10-21",14,1900,"EEG_FL","0.32",9.102072153347,10,2.28121038415179,9.115609541275
"302","RAT06","Methyl","2016-10-21",14,1900,"EEG_FR","0.32",18.95706829355,2,0.161395437558237,18.95706829355
"303","RAT06","Methyl","2016-10-21",14,1900,"EEG_PL","0.32",8.2268531065131,10,3.26450680355814,8.33160777779
"304","RAT06","Methyl","2016-10-21",14,1900,"EEG_PR","0.32",9.116719590754,10,2.78449139210597,9.22565644934
"305","RAT06","Methyl","2016-10-21",14,1900,"EEG_OL","0.32",6.5570036090596,10,3.0459642678396,6.744088749955
"306","RAT06","Methyl","2016-10-21",14,1900,"EEG_OR","0.32",11.471362872831,10,2.11333451203683,11.14259805535
"307","RAT06","Methyl","2016-10-21",14,2000,"EEG_FL","0.32",10.536155530638,10,5.86746875434124,10.093867779835
"308","RAT06","Methyl","2016-10-21",14,2000,"EEG_FR","0.32",22.41668202824,5,2.99549348411417,22.3747986489
"309","RAT06","Methyl","2016-10-21",14,2000,"EEG_PL","0.32",9.26839372850778,9,3.52429462206459,9.75490874694
"310","RAT06","Methyl","2016-10-21",14,2000,"EEG_PR","0.32",11.47127213326,10,6.0506722479537,10.097234398455
"311","RAT06","Methyl","2016-10-21",14,2000,"EEG_OL","0.32",7.436325071982,10,2.95669081694657,7.19420474176
"312","RAT06","Methyl","2016-10-21",14,2000,"EEG_OR","0.32",12.911364651997,10,3.56392317758829,13.0073085748
"313","RAT06","Methyl","2016-10-21",14,2100,"EEG_FL","0.32",9.8391182550485,10,4.07020839241931,10.26241544926
"314","RAT06","Methyl","2016-10-21",14,2100,"EEG_FR","0.32",19.1656927554833,6,3.59743287891258,19.01763642335
"315","RAT06","Methyl","2016-10-21",14,2100,"EEG_PL","0.32",11.42437475641,10,3.21492851623158,10.8221675267
"316","RAT06","Methyl","2016-10-21",14,2100,"EEG_PR","0.32",10.659041984975,10,3.31837869882139,11.00248939585
"317","RAT06","Methyl","2016-10-21",14,2100,"EEG_OL","0.32",9.049210120958,10,4.00742659631843,8.80019318214
"318","RAT06","Methyl","2016-10-21",14,2100,"EEG_OR","0.32",13.778112640002,10,4.72186432506099,13.58537870845
"319","RAT06","Methyl","2016-10-21",14,2200,"EEG_FL","0.32",10.193212313973,10,1.71855373030829,10.28504365129
"320","RAT06","Methyl","2016-10-21",14,2200,"EEG_FR","0.32",20.4059532435,4,4.6347696521722,18.4543538718
"321","RAT06","Methyl","2016-10-21",14,2200,"EEG_PL","0.32",10.4346255912456,9,1.87202838393866,10.9038890439
"322","RAT06","Methyl","2016-10-21",14,2200,"EEG_PR","0.32",11.0745690121889,9,2.54132234940856,10.9250723515
"323","RAT06","Methyl","2016-10-21",14,2200,"EEG_OL","0.32",8.438390627926,10,1.67527765532093,8.574972272125
"324","RAT06","Methyl","2016-10-21",14,2200,"EEG_OR","0.32",13.57737524631,10,2.60718827329473,13.59056850355
"325","RAT06","Methyl","2016-10-21",14,2300,"EEG_FL","0.32",8.563068348415,10,2.61089343314462,8.43374959245
"326","RAT06","Methyl","2016-10-21",14,2300,"EEG_PL","0.32",9.556108237189,10,2.39739523085434,9.7862498669
"327","RAT06","Methyl","2016-10-21",14,2300,"EEG_PR","0.32",9.028057047927,10,2.14505148056581,8.47969735168
"328","RAT06","Methyl","2016-10-21",14,2300,"EEG_OL","0.32",7.30660282025,10,2.51233389475649,7.505252637905
"329","RAT06","Methyl","2016-10-21",14,2300,"EEG_OR","0.32",11.615044268341,10,2.70969184477475,11.85478898205
"330","RAT06","Methyl","2016-10-21",14,2400,"EEG_FL","0.32",10.042736034905,10,2.49291242656976,10.60939245215
"331","RAT06","Methyl","2016-10-21",14,2400,"EEG_FR","0.32",21.2959940075,2,4.86685735430969,21.2959940075
"332","RAT06","Methyl","2016-10-21",14,2400,"EEG_PL","0.32",9.846751911704,10,2.2762683424558,9.419066799845
"333","RAT06","Methyl","2016-10-21",14,2400,"EEG_PR","0.32",10.407261516055,10,2.92872834459746,9.98817409416
"334","RAT06","Methyl","2016-10-21",14,2400,"EEG_OL","0.32",7.362635058114,10,2.7695541211646,6.984537792245
"335","RAT06","Methyl","2016-10-21",14,2400,"EEG_OR","0.32",11.415169616858,10,3.07272076439276,11.2592557672
"336","RAT06","Methyl","2016-10-21",14,2500,"EEG_FL","1.012",8.333836337252,10,2.95257114654105,8.366159423865
"337","RAT06","Methyl","2016-10-21",14,2500,"EEG_PL","1.012",8.927149514868,10,3.03701882687149,9.362397164945
"338","RAT06","Methyl","2016-10-21",14,2500,"EEG_PR","1.012",9.351360025121,10,2.23081538449958,9.75621711718
"339","RAT06","Methyl","2016-10-21",14,2500,"EEG_OL","1.012",7.473210948426,10,2.85478903212088,6.77535338482
"340","RAT06","Methyl","2016-10-21",14,2500,"EEG_OR","1.012",11.695974951733,10,2.3219191291577,11.23205462895
"341","RAT06","Methyl","2016-10-21",14,2600,"EEG_FL","1.012",8.3965772281525,8,2.31461185449028,8.50759943478
"342","RAT06","Methyl","2016-10-21",14,2600,"EEG_PL","1.012",8.67073091911375,8,2.29438079785315,8.45564825971
"343","RAT06","Methyl","2016-10-21",14,2600,"EEG_PR","1.012",7.75937136629333,9,2.86403228319163,9.12039712864
"344","RAT06","Methyl","2016-10-21",14,2600,"EEG_OL","1.012",6.86535434701333,9,2.63518910259171,7.20007923292
"345","RAT06","Methyl","2016-10-21",14,2600,"EEG_OR","1.012",10.4025907808511,9,2.51464102591381,10.1313294153
"346","RAT06","Methyl","2016-10-21",14,2700,"EEG_FL","1.012",10.1349754536375,8,3.82890055826087,10.67852261305
"347","RAT06","Methyl","2016-10-21",14,2700,"EEG_PL","1.012",9.2001962435275,8,3.19283407481554,8.49700628457
"348","RAT06","Methyl","2016-10-21",14,2700,"EEG_PR","1.012",11.5381255525862,8,3.12081057419994,11.15041043765
"349","RAT06","Methyl","2016-10-21",14,2700,"EEG_OL","1.012",7.610730516599,10,3.43264658350359,8.496300246305
"350","RAT06","Methyl","2016-10-21",14,2700,"EEG_OR","1.012",11.9650494285763,8,4.22371146766701,12.5720197299
"351","RAT06","Methyl","2016-10-21",14,2800,"EEG_FL","1.012",8.681373683705,10,2.35007342601471,8.659675196695
"352","RAT06","Methyl","2016-10-21",14,2800,"EEG_PL","1.012",7.116971854939,10,4.41052224100193,7.07793813236
"353","RAT06","Methyl","2016-10-21",14,2800,"EEG_PR","1.012",9.78027925222333,9,2.56042017225936,10.385442619
"354","RAT06","Methyl","2016-10-21",14,2800,"EEG_OL","1.012",6.017328237244,10,3.82661154821017,4.681553724535
"355","RAT06","Methyl","2016-10-21",14,2800,"EEG_OR","1.012",12.09677787116,10,2.05502714694362,12.1049994129
"356","RAT06","Methyl","2016-10-21",14,2900,"EEG_FL","1.012",10.061509867856,10,2.86750801300575,10.037671840875
"357","RAT06","Methyl","2016-10-21",14,2900,"EEG_PL","1.012",9.27326875589778,9,2.56456272008668,10.0018514009
"358","RAT06","Methyl","2016-10-21",14,2900,"EEG_PR","1.012",11.327884564582,10,3.57966336240857,12.93570535805
"359","RAT06","Methyl","2016-10-21",14,2900,"EEG_OL","1.012",7.07086566864422,9,3.62244056486278,8.54374160673
"360","RAT06","Methyl","2016-10-21",14,2900,"EEG_OR","1.012",12.278727871682,10,4.49295902253211,12.9759689977
"361","RAT06","Methyl","2016-10-21",14,3000,"EEG_FL","1.012",11.7363693516978,9,2.34468640536493,10.9391128513
"362","RAT06","Methyl","2016-10-21",14,3000,"EEG_PL","1.012",10.5135270954878,9,3.15647654258705,11.020764203
"363","RAT06","Methyl","2016-10-21",14,3000,"EEG_PR","1.012",11.6090960091674,9,4.78373795465924,12.5435080178
"364","RAT06","Methyl","2016-10-21",14,3000,"EEG_OL","1.012",8.912346744001,10,3.33610768349902,10.17919770915
"365","RAT06","Methyl","2016-10-21",14,3000,"EEG_OR","1.012",13.5619011249411,9,2.93053501563673,13.3577911398
"366","RAT06","Methyl","2016-10-21",14,3100,"EEG_FL","3.2",9.496690310895,8,3.00791757786742,9.755651680755
"367","RAT06","Methyl","2016-10-21",14,3100,"EEG_PL","3.2",10.5861812198387,8,2.27272982052633,10.43882587975
"368","RAT06","Methyl","2016-10-21",14,3100,"EEG_PR","3.2",10.5376874719787,8,2.02739738575393,11.0462176213
"369","RAT06","Methyl","2016-10-21",14,3100,"EEG_OL","3.2",8.69966013632444,9,2.1669763176649,8.82630754632
"370","RAT06","Methyl","2016-10-21",14,3100,"EEG_OR","3.2",13.5616867681478,9,2.85041915748405,12.8741721816
"371","RAT06","Methyl","2016-10-21",14,3200,"EEG_FL","3.2",9.532070102464,10,3.75782723415996,9.03668919205
"372","RAT06","Methyl","2016-10-21",14,3200,"EEG_PL","3.2",9.729630486174,10,2.09535385186886,10.00516178894
"373","RAT06","Methyl","2016-10-21",14,3200,"EEG_PR","3.2",9.097641025484,10,4.12437216687886,9.587652594895
"374","RAT06","Methyl","2016-10-21",14,3200,"EEG_OL","3.2",7.935657153954,10,1.96248793706073,7.423055431975
"375","RAT06","Methyl","2016-10-21",14,3200,"EEG_OR","3.2",12.684289519447,10,2.47541144911469,12.88343432645
"376","RAT06","Methyl","2016-10-21",14,3300,"EEG_FL","3.2",9.226633245141,10,4.35754223045071,8.626398008245
"377","RAT06","Methyl","2016-10-21",14,3300,"EEG_PL","3.2",10.240866195315,10,3.39206202479458,11.40492156995
"378","RAT06","Methyl","2016-10-21",14,3300,"EEG_PR","3.2",10.562761981131,10,3.65452621502366,10.6411254447
"379","RAT06","Methyl","2016-10-21",14,3300,"EEG_OL","3.2",9.670986626326,10,2.83045769659147,10.4125721359
"380","RAT06","Methyl","2016-10-21",14,3300,"EEG_OR","3.2",13.094256778763,10,2.70831279020089,12.50981914075
"381","RAT06","Methyl","2016-10-21",14,3400,"EEG_FL","3.2",9.596733352722,10,2.36063267887548,9.822815172495
"382","RAT06","Methyl","2016-10-21",14,3400,"EEG_PL","3.2",10.048401528558,10,1.61035445027648,10.3639587145
"383","RAT06","Methyl","2016-10-21",14,3400,"EEG_PR","3.2",10.006883963733,10,3.07870753893455,9.92930940938
"384","RAT06","Methyl","2016-10-21",14,3400,"EEG_OL","3.2",8.50421310267,10,2.23096210929248,8.822742537755
"385","RAT06","Methyl","2016-10-21",14,3400,"EEG_OR","3.2",11.926775134072,10,2.86645735130098,12.6164503266
"386","RAT06","Methyl","2016-10-21",14,3500,"EEG_FL","3.2",9.019341166813,10,2.77317496259004,8.657882807565
"387","RAT06","Methyl","2016-10-21",14,3500,"EEG_PL","3.2",10.592985289949,10,2.79561779070275,10.56651522155
"388","RAT06","Methyl","2016-10-21",14,3500,"EEG_PR","3.2",8.660441437573,10,3.28650123132971,8.978695062235
"389","RAT06","Methyl","2016-10-21",14,3500,"EEG_OL","3.2",8.901360639404,10,2.84982752019593,8.945409534065
"390","RAT06","Methyl","2016-10-21",14,3500,"EEG_OR","3.2",12.183443052408,10,3.99369437192215,12.8916069427
"391","RAT06","Methyl","2016-10-21",14,3600,"EEG_FL","3.2",9.915694192786,10,2.93383974454046,10.58378795605
"392","RAT06","Methyl","2016-10-21",14,3600,"EEG_PL","3.2",9.48090258553,10,3.36052979825948,9.96162640783
"393","RAT06","Methyl","2016-10-21",14,3600,"EEG_PR","3.2",11.593645281541,10,1.97121984729642,12.48683091285
"394","RAT06","Methyl","2016-10-21",14,3600,"EEG_OL","3.2",8.506249098765,10,3.19789521705236,9.07711934451
"395","RAT06","Methyl","2016-10-21",14,3600,"EEG_OR","3.2",11.758755970427,10,4.08895579797505,12.17600839185
"396","RAT06","Methyl","2016-10-21",14,3700,"EEG_FL","3.2",8.347030541525,10,2.43740229372712,7.93007556039
"397","RAT06","Methyl","2016-10-21",14,3700,"EEG_PL","3.2",10.048297154311,10,2.46012347548126,9.986504532825
"398","RAT06","Methyl","2016-10-21",14,3700,"EEG_PR","3.2",9.624202997824,10,2.68271857319555,9.07545570916
"399","RAT06","Methyl","2016-10-21",14,3700,"EEG_OL","3.2",8.54120064983,10,2.79046117156961,8.821710120825
"400","RAT06","Methyl","2016-10-21",14,3700,"EEG_OR","3.2",10.542845029101,10,1.82269793092835,10.060945590685
"401","RAT06","Methyl","2016-10-21",14,3800,"EEG_FL","3.2",7.036687886635,10,3.99891266066887,6.187982341645
"402","RAT06","Methyl","2016-10-21",14,3800,"EEG_PL","3.2",8.558138801947,10,2.57537755764532,7.540663017005
"403","RAT06","Methyl","2016-10-21",14,3800,"EEG_PR","3.2",8.98073892233,10,3.86363241408431,8.781578223735
"404","RAT06","Methyl","2016-10-21",14,3800,"EEG_OL","3.2",7.413059061246,10,2.86995047690885,7.330327428715
"405","RAT06","Methyl","2016-10-21",14,3800,"EEG_OR","3.2",12.371176918384,10,2.52632246034621,12.49302825065
"406","RAT06","Methyl","2016-10-21",14,3900,"EEG_FL","3.2",9.019630363127,10,3.6197539476652,9.79383891387
"407","RAT06","Methyl","2016-10-21",14,3900,"EEG_PL","3.2",7.624365235921,10,3.83773182965015,7.392778901895
"408","RAT06","Methyl","2016-10-21",14,3900,"EEG_PR","3.2",10.869723356559,10,2.92067178264407,10.978707414
"409","RAT06","Methyl","2016-10-21",14,3900,"EEG_OL","3.2",6.934455344176,10,3.57837187652601,6.7185589951
"410","RAT06","Methyl","2016-10-21",14,3900,"EEG_OR","3.2",12.038143304102,10,3.18171008719727,12.51010950765
"411","RAT06","Methyl","2016-10-21",15,100,"EEG_FL","baseline",8.47656401397,9,2.54650048621134,8.88851533506
"412","RAT06","Methyl","2016-10-21",15,100,"EEG_FR","baseline",17.030127855725,4,1.89676811141341,16.59183511095
"413","RAT06","Methyl","2016-10-21",15,100,"EEG_PL","baseline",9.38007495493778,9,2.82691135056541,8.35554245013
"414","RAT06","Methyl","2016-10-21",15,100,"EEG_PR","baseline",10.1513267322422,9,2.60798494894648,10.6283408045
"415","RAT06","Methyl","2016-10-21",15,100,"EEG_OL","baseline",4.92434883311756,9,3.40079012821786,4.70797547739
"416","RAT06","Methyl","2016-10-21",15,100,"EEG_OR","baseline",13.8772538749,9,2.95135846681072,12.4362575013
"417","RAT06","Methyl","2016-10-21",15,200,"EEG_FL","baseline",8.683208383801,10,3.35391920090614,9.57614537806
"418","RAT06","Methyl","2016-10-21",15,200,"EEG_FR","baseline",21.9002549225286,7,1.85259075038161,21.8774641056
"419","RAT06","Methyl","2016-10-21",15,200,"EEG_PL","baseline",7.03773477099023,10,3.6862432203387,7.623167371655
"420","RAT06","Methyl","2016-10-21",15,200,"EEG_PR","baseline",9.04747088794,10,2.226092576215,8.10581470301
"421","RAT06","Methyl","2016-10-21",15,200,"EEG_OL","baseline",3.20275733637,10,3.45923665836209,3.40589430375
"422","RAT06","Methyl","2016-10-21",15,200,"EEG_OR","baseline",11.519205256857,10,2.04794533838052,11.86966895085
"423","RAT06","Methyl","2016-10-21",15,300,"EEG_FL","baseline",8.36063986141111,9,2.22337711335849,8.66946962916
"424","RAT06","Methyl","2016-10-21",15,300,"EEG_PL","baseline",9.67818934180667,9,4.11414236028297,10.3450266777
"425","RAT06","Methyl","2016-10-21",15,300,"EEG_PR","baseline",7.69937251188,9,3.50249134565004,7.8954867809
"426","RAT06","Methyl","2016-10-21",15,300,"EEG_OL","baseline",6.82478585701778,9,3.84887264975122,7.80117217009
"427","RAT06","Methyl","2016-10-21",15,300,"EEG_OR","baseline",11.5853091117544,9,5.02182242939891,13.9174159623
"428","RAT06","Methyl","2016-10-21",15,400,"EEG_FL","baseline",9.49032770217429,7,2.59741750642067,9.88017014578
"429","RAT06","Methyl","2016-10-21",15,400,"EEG_PL","baseline",7.45552039432444,9,2.66192255073437,7.92705330244
"430","RAT06","Methyl","2016-10-21",15,400,"EEG_PR","baseline",10.2261148423775,8,1.50506069029359,10.270896723355
"431","RAT06","Methyl","2016-10-21",15,400,"EEG_OL","baseline",5.3494067078802,10,2.50232902433494,5.67145990723
"432","RAT06","Methyl","2016-10-21",15,400,"EEG_OR","baseline",10.0838548553467,9,3.04008301768621,9.96484645405
"433","RAT06","Methyl","2016-10-21",15,500,"EEG_FL","baseline",9.03171133076333,6,2.90613123607918,9.45626678432
"434","RAT06","Methyl","2016-10-21",15,500,"EEG_PL","baseline",6.87100731589857,7,3.5055613632666,7.41385377271
"435","RAT06","Methyl","2016-10-21",15,500,"EEG_PR","baseline",10.2381876789986,7,2.23848115203169,10.1361370931
"436","RAT06","Methyl","2016-10-21",15,500,"EEG_OL","baseline",4.87427457104611,9,2.47661889357935,5.95157570956
"437","RAT06","Methyl","2016-10-21",15,500,"EEG_OR","baseline",10.8922362521025,8,2.94575006824389,10.80096094225
"438","RAT06","Methyl","2016-10-21",15,600,"EEG_FL","baseline",8.05742785304222,9,4.61211406654075,5.5566822049
"439","RAT06","Methyl","2016-10-21",15,600,"EEG_PL","baseline",9.36282032273555,9,2.73589870926903,8.58452413266
"440","RAT06","Methyl","2016-10-21",15,600,"EEG_PR","baseline",10.3769768736122,9,2.79565179345069,10.897077181
"441","RAT06","Methyl","2016-10-21",15,600,"EEG_OL","baseline",5.74491728684667,9,2.78909350318576,5.97999912104
"442","RAT06","Methyl","2016-10-21",15,600,"EEG_OR","baseline",12.0066554034478,9,3.13848809969476,11.4246849566
"443","RAT06","Methyl","2016-10-21",15,700,"EEG_FL","0.032",7.01489729090191,9,3.70643381343021,7.51707310095
"444","RAT06","Methyl","2016-10-21",15,700,"EEG_PL","0.032",10.4450355159756,9,1.0846195397098,10.784426391
"445","RAT06","Methyl","2016-10-21",15,700,"EEG_PR","0.032",9.50791741121,9,1.36854553550674,9.12164253487
"446","RAT06","Methyl","2016-10-21",15,700,"EEG_OL","0.032",7.04305083835222,9,2.35678979249351,7.85751685126
"447","RAT06","Methyl","2016-10-21",15,700,"EEG_OR","0.032",11.3277047267411,9,2.67544767934178,11.6489968481
"448","RAT06","Methyl","2016-10-21",15,800,"EEG_FL","0.032",10.061525289189,10,2.0215742818312,10.6291009798
"449","RAT06","Methyl","2016-10-21",15,800,"EEG_PL","0.032",10.397728888965,10,3.72198051079436,10.72773781235
"450","RAT06","Methyl","2016-10-21",15,800,"EEG_PR","0.032",11.3000908947567,9,1.86785653005659,12.0601198394
"451","RAT06","Methyl","2016-10-21",15,800,"EEG_OL","0.032",7.711022805532,10,3.26705700152326,8.006306411915
"452","RAT06","Methyl","2016-10-21",15,800,"EEG_OR","0.032",14.031361980687,10,3.07361434392529,14.5984174649
"453","RAT06","Methyl","2016-10-21",15,900,"EEG_FL","0.032",9.30969951138889,9,3.84894236207862,8.64253754159
"454","RAT06","Methyl","2016-10-21",15,900,"EEG_PL","0.032",8.3336523608075,8,5.35368780562027,7.580332894505
"455","RAT06","Methyl","2016-10-21",15,900,"EEG_PR","0.032",10.5506552126789,9,4.18152232561921,9.77945174897
"456","RAT06","Methyl","2016-10-21",15,900,"EEG_OL","0.032",7.22483576893988,10,5.65043334241543,4.87183648132
"457","RAT06","Methyl","2016-10-21",15,900,"EEG_OR","0.032",13.147451420221,10,3.76360312291001,12.4615902187
"458","RAT06","Methyl","2016-10-21",15,1000,"EEG_FL","0.032",8.24001778840875,8,3.76770309165479,8.22152539861
"459","RAT06","Methyl","2016-10-21",15,1000,"EEG_PL","0.032",8.5676217388675,8,1.99443431040554,8.43811100858
"460","RAT06","Methyl","2016-10-21",15,1000,"EEG_PR","0.032",11.2839409053075,8,1.7520400113929,11.4674452689
"461","RAT06","Methyl","2016-10-21",15,1000,"EEG_OL","0.032",5.56546805243375,8,2.3115793956196,5.80412219801
"462","RAT06","Methyl","2016-10-21",15,1000,"EEG_OR","0.032",12.3250364814488,8,2.35952937340449,12.18598415815
"463","RAT06","Methyl","2016-10-21",15,1100,"EEG_FL","0.032",9.63747573449,10,2.0863809364336,9.428984439335
"464","RAT06","Methyl","2016-10-21",15,1100,"EEG_FR","0.032",18.4162050538667,3,2.74063660948942,18.4422207294
"465","RAT06","Methyl","2016-10-21",15,1100,"EEG_PL","0.032",9.35573295238444,9,3.74300912901286,9.53731711449
"466","RAT06","Methyl","2016-10-21",15,1100,"EEG_PR","0.032",9.525472263986,10,3.895276615435,10.4573044845
"467","RAT06","Methyl","2016-10-21",15,1100,"EEG_OL","0.032",6.899557341813,10,3.02360690807827,6.482521427035
"468","RAT06","Methyl","2016-10-21",15,1100,"EEG_OR","0.032",12.2583176180911,9,4.40020268488585,12.1496224961
"469","RAT06","Methyl","2016-10-21",15,1200,"EEG_FL","0.032",7.92380450295,7,3.29537311377802,9.47869897378
"470","RAT06","Methyl","2016-10-21",15,1200,"EEG_PL","0.032",8.26988206167375,8,3.13248171940186,9.36840496521
"471","RAT06","Methyl","2016-10-21",15,1200,"EEG_PR","0.032",8.46266919784428,7,3.53837107491783,9.07591202298
"472","RAT06","Methyl","2016-10-21",15,1200,"EEG_OL","0.032",7.429033919505,10,4.49849953920693,7.64835647042
"473","RAT06","Methyl","2016-10-21",15,1200,"EEG_OR","0.032",10.4278146997844,9,2.40995145243736,9.36894255029
"474","RAT06","Methyl","2016-10-21",15,1300,"EEG_FL","0.101",8.512226478212,10,3.48967696689636,9.86563858331
"475","RAT06","Methyl","2016-10-21",15,1300,"EEG_PL","0.101",7.61351555648444,9,4.15208075340478,5.79445409886
"476","RAT06","Methyl","2016-10-21",15,1300,"EEG_PR","0.101",8.88633988524889,9,3.19194260002714,10.3626685113
"477","RAT06","Methyl","2016-10-21",15,1300,"EEG_OL","0.101",5.2984341553855,10,4.22089334845197,6.32066791244
"478","RAT06","Methyl","2016-10-21",15,1300,"EEG_OR","0.101",10.722433304918,10,3.90117043760316,11.51408242385
"479","RAT06","Methyl","2016-10-21",15,1400,"EEG_FL","0.101",9.867096464745,10,3.93240683297307,10.105585623645
"480","RAT06","Methyl","2016-10-21",15,1400,"EEG_PL","0.101",8.405966220142,10,3.44904570681256,8.423188382645
"481","RAT06","Methyl","2016-10-21",15,1400,"EEG_PR","0.101",10.365367617017,10,3.29764231930635,10.95534811185
"482","RAT06","Methyl","2016-10-21",15,1400,"EEG_OL","0.101",5.617001706215,10,3.49623502277294,5.396756668145
"483","RAT06","Methyl","2016-10-21",15,1400,"EEG_OR","0.101",11.157663181936,10,4.50209156660674,11.1351853468
"484","RAT06","Methyl","2016-10-21",15,1500,"EEG_FL","0.101",8.219299682865,10,4.49185240589071,9.539825547695
"485","RAT06","Methyl","2016-10-21",15,1500,"EEG_FR","0.101",19.43679815515,2,1.07289614133944,19.43679815515
"486","RAT06","Methyl","2016-10-21",15,1500,"EEG_PL","0.101",8.113579303213,10,4.17664239055669,8.25333421972
"487","RAT06","Methyl","2016-10-21",15,1500,"EEG_PR","0.101",9.85287040132111,9,2.93827041354553,9.94280107201
"488","RAT06","Methyl","2016-10-21",15,1500,"EEG_OL","0.101",5.6834518105778,10,4.44865452597699,5.430967110695
"489","RAT06","Methyl","2016-10-21",15,1500,"EEG_OR","0.101",10.7681722257117,9,4.49069727794238,11.8821754402
"490","RAT06","Methyl","2016-10-21",15,1600,"EEG_FL","0.101",8.47647084289,7,2.29302047030617,9.40541659927
"491","RAT06","Methyl","2016-10-21",15,1600,"EEG_PL","0.101",9.14366550450875,8,3.16124390036088,9.32777997582
"492","RAT06","Methyl","2016-10-21",15,1600,"EEG_PR","0.101",10.1828917086657,7,2.60776190078877,10.1601675799
"493","RAT06","Methyl","2016-10-21",15,1600,"EEG_OL","0.101",8.195772500512,10,4.32976308961257,7.83409622123
"494","RAT06","Methyl","2016-10-21",15,1600,"EEG_OR","0.101",13.31443161106,10,2.27121630732915,13.1587530127
"495","RAT06","Methyl","2016-10-21",15,1700,"EEG_FL","0.101",10.5730613659033,9,3.38453108850065,10.394951113
"496","RAT06","Methyl","2016-10-21",15,1700,"EEG_PL","0.101",10.8342072868889,9,1.15494527928585,11.0270115435
"497","RAT06","Methyl","2016-10-21",15,1700,"EEG_PR","0.101",12.2100539233767,9,1.97936186614079,11.5394331975
"498","RAT06","Methyl","2016-10-21",15,1700,"EEG_OL","0.101",8.119792337458,10,1.37929987914517,8.19836424302
"499","RAT06","Methyl","2016-10-21",15,1700,"EEG_OR","0.101",12.5165465156633,9,3.13525298716515,12.6269829059
"500","RAT06","Methyl","2016-10-21",15,1800,"EEG_FL","0.101",9.5360109404075,8,4.03158083313456,11.06974123675
"501","RAT06","Methyl","2016-10-21",15,1800,"EEG_FR","0.101",18.51779822912,5,2.56361932780754,19.4175828063
"502","RAT06","Methyl","2016-10-21",15,1800,"EEG_PL","0.101",11.1404525004778,9,3.43033024783204,12.6395311041
"503","RAT06","Methyl","2016-10-21",15,1800,"EEG_PR","0.101",11.6361296727887,8,3.29884863483683,11.5072942173
"504","RAT06","Methyl","2016-10-21",15,1800,"EEG_OL","0.101",9.067417653005,8,3.21611484402686,9.591415275675
"505","RAT06","Methyl","2016-10-21",15,1800,"EEG_OR","0.101",14.1215017414111,9,3.66265105287118,14.848427489
"506","RAT06","Methyl","2016-10-21",15,1900,"EEG_FL","0.32",8.226090313396,10,3.14989868884146,7.269870982235
"507","RAT06","Methyl","2016-10-21",15,1900,"EEG_FR","0.32",16.70519037115,2,0.88400603541248,16.70519037115
"508","RAT06","Methyl","2016-10-21",15,1900,"EEG_PL","0.32",8.0908742571923,10,3.77461989495774,8.487346262155
"509","RAT06","Methyl","2016-10-21",15,1900,"EEG_PR","0.32",9.708045600696,10,1.76868995775945,9.533830009315
"510","RAT06","Methyl","2016-10-21",15,1900,"EEG_OL","0.32",6.478581830339,10,3.95068636597375,6.739814382605
"511","RAT06","Methyl","2016-10-21",15,1900,"EEG_OR","0.32",11.700681812121,10,2.03511603438951,12.0550122612
"512","RAT06","Methyl","2016-10-21",15,2000,"EEG_FL","0.32",10.098510954635,10,5.32024070686516,9.086165349975
"513","RAT06","Methyl","2016-10-21",15,2000,"EEG_FR","0.32",20.00873171148,5,1.30425007580032,19.6989627647
"514","RAT06","Methyl","2016-10-21",15,2000,"EEG_PL","0.32",8.96688673341222,9,3.12167553415978,8.82132646152
"515","RAT06","Methyl","2016-10-21",15,2000,"EEG_PR","0.32",11.2311787900514,10,6.59130741035754,11.7070615477
"516","RAT06","Methyl","2016-10-21",15,2000,"EEG_OL","0.32",7.542049803172,10,3.09817182599753,7.456425859735
"517","RAT06","Methyl","2016-10-21",15,2000,"EEG_OR","0.32",13.865878816389,10,3.29989370300223,14.2131090352
"518","RAT06","Methyl","2016-10-21",15,2100,"EEG_FL","0.32",10.459227683251,10,3.85649399478382,11.19894621205
"519","RAT06","Methyl","2016-10-21",15,2100,"EEG_FR","0.32",18.6928835140333,6,2.7356872462614,19.39831877675
"520","RAT06","Methyl","2016-10-21",15,2100,"EEG_PL","0.32",9.71174579642,10,2.78783639997675,9.798710668615
"521","RAT06","Methyl","2016-10-21",15,2100,"EEG_PR","0.32",8.703691183312,10,3.56710742952842,7.74125426866
"522","RAT06","Methyl","2016-10-21",15,2100,"EEG_OL","0.32",7.432570492932,10,2.9395034388812,7.873841090445
"523","RAT06","Methyl","2016-10-21",15,2100,"EEG_OR","0.32",12.340243736747,10,3.37376318903984,12.55451679295
"524","RAT06","Methyl","2016-10-21",15,2200,"EEG_FL","0.32",7.926639665788,10,2.98184238677183,7.6741198005
"525","RAT06","Methyl","2016-10-21",15,2200,"EEG_FR","0.32",20.475797299075,4,5.57721968326188,21.71581972685
"526","RAT06","Methyl","2016-10-21",15,2200,"EEG_PL","0.32",8.21100589256,9,3.84502933550429,8.9427347837
"527","RAT06","Methyl","2016-10-21",15,2200,"EEG_PR","0.32",9.64555899960444,9,3.13327711088921,10.5334942586
"528","RAT06","Methyl","2016-10-21",15,2200,"EEG_OL","0.32",6.511653317097,10,4.00709822190883,6.96676297711
"529","RAT06","Methyl","2016-10-21",15,2200,"EEG_OR","0.32",11.352849452785,10,3.34959679053658,12.51191705425
"530","RAT06","Methyl","2016-10-21",15,2300,"EEG_FL","0.32",7.9268843317641,10,3.25727368884765,9.041945330005
"531","RAT06","Methyl","2016-10-21",15,2300,"EEG_PL","0.32",8.556897104244,10,2.77837590914178,9.27158631773
"532","RAT06","Methyl","2016-10-21",15,2300,"EEG_PR","0.32",8.317785094351,10,3.17331151116657,8.579655311685
"533","RAT06","Methyl","2016-10-21",15,2300,"EEG_OL","0.32",6.43164903865866,10,2.71302675825733,7.30680815589
"534","RAT06","Methyl","2016-10-21",15,2300,"EEG_OR","0.32",11.74235601889,10,2.26542308657287,11.7034894957
"535","RAT06","Methyl","2016-10-21",15,2400,"EEG_FL","0.32",8.485567094772,10,3.259110123204,8.45468872168
"536","RAT06","Methyl","2016-10-21",15,2400,"EEG_FR","0.32",21.3037923263,2,3.12025878934107,21.3037923263
"537","RAT06","Methyl","2016-10-21",15,2400,"EEG_PL","0.32",8.318008029459,10,4.18382877508213,8.51925409131
"538","RAT06","Methyl","2016-10-21",15,2400,"EEG_PR","0.32",10.890152900968,10,1.62679783669959,11.0864550584
"539","RAT06","Methyl","2016-10-21",15,2400,"EEG_OL","0.32",7.02807681866,10,4.05101917765129,6.69261435612
"540","RAT06","Methyl","2016-10-21",15,2400,"EEG_OR","0.32",11.877396265308,10,1.795704908728,12.09229269325
"541","RAT06","Methyl","2016-10-21",15,2500,"EEG_FL","1.012",11.412709108661,10,3.85059138637206,10.887288862245
"542","RAT06","Methyl","2016-10-21",15,2500,"EEG_PL","1.012",11.115294036532,10,3.71350847034819,11.125830996235
"543","RAT06","Methyl","2016-10-21",15,2500,"EEG_PR","1.012",10.469728707964,10,4.90812667110344,10.34719780642
"544","RAT06","Methyl","2016-10-21",15,2500,"EEG_OL","1.012",9.226401692454,10,4.29211294226991,9.400557189045
"545","RAT06","Methyl","2016-10-21",15,2500,"EEG_OR","1.012",12.751475296043,10,3.8762405847849,12.90406951965
"546","RAT06","Methyl","2016-10-21",15,2600,"EEG_FL","1.012",8.364285119015,8,2.30385212283175,8.19563571508
"547","RAT06","Methyl","2016-10-21",15,2600,"EEG_PL","1.012",8.94987838033875,8,1.60225863972596,8.270041295035
"548","RAT06","Methyl","2016-10-21",15,2600,"EEG_PR","1.012",6.88853820596489,9,4.20906077086626,5.86508538746
"549","RAT06","Methyl","2016-10-21",15,2600,"EEG_OL","1.012",5.93472291560444,9,2.34700216594762,5.78591835738
"550","RAT06","Methyl","2016-10-21",15,2600,"EEG_OR","1.012",10.4127278152756,9,2.63311256702736,9.88386841536
"551","RAT06","Methyl","2016-10-21",15,2700,"EEG_FL","1.012",8.53202207709375,8,3.66119359312496,9.89079450494
"552","RAT06","Methyl","2016-10-21",15,2700,"EEG_PL","1.012",7.47604982887625,8,3.37447152879332,8.17303401775
"553","RAT06","Methyl","2016-10-21",15,2700,"EEG_PR","1.012",9.81040310130875,8,2.64660255283176,10.557071826095
"554","RAT06","Methyl","2016-10-21",15,2700,"EEG_OL","1.012",6.7636186674705,10,3.78038679748624,6.982861009705
"555","RAT06","Methyl","2016-10-21",15,2700,"EEG_OR","1.012",10.7903998780325,8,2.19138998493074,10.7912184887
"556","RAT06","Methyl","2016-10-21",15,2800,"EEG_FL","1.012",8.813496608796,10,3.49783865256368,9.324219862115
"557","RAT06","Methyl","2016-10-21",15,2800,"EEG_PL","1.012",9.707696251124,10,3.15820540375889,10.200512895525
"558","RAT06","Methyl","2016-10-21",15,2800,"EEG_PR","1.012",9.93248104195222,9,2.80549395524066,9.51715475107
"559","RAT06","Methyl","2016-10-21",15,2800,"EEG_OL","1.012",7.940260579059,10,3.08861163115247,8.582531979735
"560","RAT06","Methyl","2016-10-21",15,2800,"EEG_OR","1.012",11.362020374774,10,2.36425268921883,11.72093196905
"561","RAT06","Methyl","2016-10-21",15,2900,"EEG_FL","1.012",7.865744282513,10,4.17918130401311,9.148635359035
"562","RAT06","Methyl","2016-10-21",15,2900,"EEG_PL","1.012",9.93266872248889,9,3.9852834467548,11.3390968493
"563","RAT06","Methyl","2016-10-21",15,2900,"EEG_PR","1.012",9.531459105409,10,3.21291952234275,10.26299986965
"564","RAT06","Methyl","2016-10-21",15,2900,"EEG_OL","1.012",8.70914907064643,9,3.83381781113498,10.2421469538
"565","RAT06","Methyl","2016-10-21",15,2900,"EEG_OR","1.012",11.283907598172,10,4.02782943212119,10.97034117705
"566","RAT06","Methyl","2016-10-21",15,3000,"EEG_FL","1.012",8.95393039220667,9,4.33413888627559,9.36442361697
"567","RAT06","Methyl","2016-10-21",15,3000,"EEG_PL","1.012",9.39375482903,9,2.71762928712371,9.46645717687
"568","RAT06","Methyl","2016-10-21",15,3000,"EEG_PR","1.012",10.1323228460356,9,2.42733087059295,10.4301981563
"569","RAT06","Methyl","2016-10-21",15,3000,"EEG_OL","1.012",7.480185050431,10,3.26604139899846,7.00414618569
"570","RAT06","Methyl","2016-10-21",15,3000,"EEG_OR","1.012",12.2059855604622,9,1.80724326369741,12.9437919681
"571","RAT06","Methyl","2016-10-21",15,3100,"EEG_FL","3.2",8.3809799754875,8,2.79940885174494,8.92281024189
"572","RAT06","Methyl","2016-10-21",15,3100,"EEG_PL","3.2",8.08388611374875,8,3.98364819082513,7.379884994685
"573","RAT06","Methyl","2016-10-21",15,3100,"EEG_PR","3.2",7.799798302565,8,4.99195488435757,9.511621775065
"574","RAT06","Methyl","2016-10-21",15,3100,"EEG_OL","3.2",7.19243753249556,9,3.72065048898498,6.43580741711
"575","RAT06","Methyl","2016-10-21",15,3100,"EEG_OR","3.2",12.1751253978444,9,2.24951363573932,12.8006214154
"576","RAT06","Methyl","2016-10-21",15,3200,"EEG_FL","3.2",8.347643219875,10,2.24679270879102,8.87491223572
"577","RAT06","Methyl","2016-10-21",15,3200,"EEG_PL","3.2",8.897275121386,10,1.79053987658832,8.92668499923
"578","RAT06","Methyl","2016-10-21",15,3200,"EEG_PR","3.2",8.276019115048,10,2.4610329351131,8.93676837476
"579","RAT06","Methyl","2016-10-21",15,3200,"EEG_OL","3.2",6.90325972456,10,2.47023603128131,7.103818478475
"580","RAT06","Methyl","2016-10-21",15,3200,"EEG_OR","3.2",11.609729309574,10,2.97817420519524,11.7129826845
"581","RAT06","Methyl","2016-10-21",15,3300,"EEG_FL","3.2",8.552635028973,10,2.4141915936249,9.66780390315
"582","RAT06","Methyl","2016-10-21",15,3300,"EEG_PL","3.2",9.680856523282,10,2.23843579410349,9.941389516495
"583","RAT06","Methyl","2016-10-21",15,3300,"EEG_PR","3.2",8.253626109466,10,2.28356375559258,7.91935195958
"584","RAT06","Methyl","2016-10-21",15,3300,"EEG_OL","3.2",7.741269937664,10,2.37305202980834,7.834924172885
"585","RAT06","Methyl","2016-10-21",15,3300,"EEG_OR","3.2",11.280537650493,10,1.95099595428357,11.5823741388
"586","RAT06","Methyl","2016-10-21",15,3400,"EEG_FL","3.2",8.392685060596,10,2.71379997877996,8.04791586854
"587","RAT06","Methyl","2016-10-21",15,3400,"EEG_PL","3.2",8.969019804078,10,3.81807664112385,9.627711613485
"588","RAT06","Methyl","2016-10-21",15,3400,"EEG_PR","3.2",9.639658074762,10,3.42748414506766,9.72929773685
"589","RAT06","Methyl","2016-10-21",15,3400,"EEG_OL","3.2",7.5527115440022,10,3.88184988902988,7.324489916635
"590","RAT06","Methyl","2016-10-21",15,3400,"EEG_OR","3.2",10.252120164423,10,4.08612351130798,10.2020514973
"591","RAT06","Methyl","2016-10-21",15,3500,"EEG_FL","3.2",6.827237849839,10,2.51789761402382,6.968123047475
"592","RAT06","Methyl","2016-10-21",15,3500,"EEG_PL","3.2",7.207148871492,10,2.30234909171491,7.075930628655
"593","RAT06","Methyl","2016-10-21",15,3500,"EEG_PR","3.2",9.72881267686,10,1.95980127357622,9.02918781553
"594","RAT06","Methyl","2016-10-21",15,3500,"EEG_OL","3.2",6.561231236814,10,2.5418959282714,7.318295530945
"595","RAT06","Methyl","2016-10-21",15,3500,"EEG_OR","3.2",10.494257158106,10,3.74918430497286,10.34232555765
"596","RAT06","Methyl","2016-10-21",15,3600,"EEG_FL","3.2",8.618804383795,10,2.23094559633292,8.85776419415
"597","RAT06","Methyl","2016-10-21",15,3600,"EEG_PL","3.2",8.241051825176,10,2.78841681508618,8.017457234905
"598","RAT06","Methyl","2016-10-21",15,3600,"EEG_PR","3.2",9.632056348524,10,3.33836619676878,9.977701516445
"599","RAT06","Methyl","2016-10-21",15,3600,"EEG_OL","3.2",6.272430003112,10,3.3688228226241,5.895703215685
"600","RAT06","Methyl","2016-10-21",15,3600,"EEG_OR","3.2",11.275685329197,10,2.40123696121196,11.576140102
"601","RAT06","Methyl","2016-10-21",15,3700,"EEG_FL","3.2",9.200364787724,10,2.52354407176355,9.99649727717
"602","RAT06","Methyl","2016-10-21",15,3700,"EEG_PL","3.2",6.4349086073505,10,3.17079809576485,7.181379775625
"603","RAT06","Methyl","2016-10-21",15,3700,"EEG_PR","3.2",10.729672689586,10,1.31575787407791,10.70114898975
"604","RAT06","Methyl","2016-10-21",15,3700,"EEG_OL","3.2",5.2818079648303,10,3.00968231008017,5.10278662777
"605","RAT06","Methyl","2016-10-21",15,3700,"EEG_OR","3.2",11.577861597444,10,2.10547548951666,11.65635198035
"606","RAT06","Methyl","2016-10-21",15,3800,"EEG_FL","3.2",5.8787034072094,10,3.91206708020699,5.97609572866
"607","RAT06","Methyl","2016-10-21",15,3800,"EEG_PL","3.2",7.483218409854,10,2.54334451369745,7.080853715875
"608","RAT06","Methyl","2016-10-21",15,3800,"EEG_PR","3.2",8.484043473334,10,3.07145560338488,8.410986987525
"609","RAT06","Methyl","2016-10-21",15,3800,"EEG_OL","3.2",6.502639662394,10,2.49157395048799,5.83336038304
"610","RAT06","Methyl","2016-10-21",15,3800,"EEG_OR","3.2",10.675878687843,10,2.71152101647045,11.4635062052
"611","RAT06","Methyl","2016-10-21",15,3900,"EEG_FL","3.2",7.789750804435,10,3.01325446948706,8.16044982083
"612","RAT06","Methyl","2016-10-21",15,3900,"EEG_PL","3.2",7.336938683561,10,3.61124664545273,6.691129564465
"613","RAT06","Methyl","2016-10-21",15,3900,"EEG_PR","3.2",8.268439846531,10,3.46841608816517,8.829455496465
"614","RAT06","Methyl","2016-10-21",15,3900,"EEG_OL","3.2",5.9436890947648,10,3.72665825003892,6.162540375415
"615","RAT06","Methyl","2016-10-21",15,3900,"EEG_OR","3.2",9.932713580698,10,3.46375748925612,10.4836666425
